BSI_2000,BSI_2024,NDVI_2000,NDVI_2024,latitude,longitude,Zone,NDVI_Change,Degradation_Status
-0.012961498461663723,-0.0277410838752985,0.1350366473197937,0.2150665670633316,6.690204760737008,38.21208287812768,Northern Zone,0.0800299197435379,Improved
-0.014005307108163834,-0.027737479656934738,0.16462276875972748,0.20470523834228516,6.66684822355372,38.217961406309136,Central Zone,0.04008246958255768,Stable
-0.01150286104530096,-0.023145513609051704,0.15676496922969818,0.20998471975326538,6.744959479662716,38.24628850697009,Northern Zone,0.0532197505235672,Improved
-0.03743573650717735,-0.0615747794508934,0.20535214245319366,0.2572072148323059,6.6646949916197915,38.20935528193737,Central Zone,0.051855072379112244,Improved
-0.008794259279966354,-0.05322245880961418,0.1535528600215912,0.2619229853153229,6.61851005706756,38.2254464898729,Central Zone,0.10837012529373169,Improved
-0.07976089417934418,-0.05839579179883003,0.23348169028759003,0.26095128059387207,6.771305840969092,38.26310641231153,Northern Zone,0.027469590306282043,Stable
0.023145321756601334,-0.009552424773573875,0.13637876510620117,0.1901109665632248,6.670164628659615,38.221107094244154,Central Zone,0.05373220145702362,Improved
0.03701140359044075,-0.02406202256679535,0.12305771559476852,0.23430465161800385,6.712417801330726,38.233071672901744,Northern Zone,0.11124693602323532,Improved
0.0166986845433712,-0.038872744888067245,0.12062004208564758,0.2174024134874344,6.707088031194529,38.24667565438837,Northern Zone,0.0967823714017868,Improved
0.010872967541217804,-0.019176384434103966,0.14192427694797516,0.2052522450685501,6.667400852667524,38.21836910933583,Central Zone,0.06332796812057495,Improved
-0.008080652914941311,-0.04822796210646629,0.1783384382724762,0.21033978462219238,6.674699177170662,38.21130105037217,Northern Zone,0.032001346349716187,Stable
0.03099358268082142,0.002312564291059971,0.11881043761968613,0.1828591674566269,6.658120201846767,38.21788497806714,Central Zone,0.06404872983694077,Improved
-0.0038994252681732178,-0.043913137167692184,0.1798744946718216,0.22776998579502106,6.633047584152647,38.228686902539536,Central Zone,0.04789549112319946,Stable
0.07335799187421799,0.02794826775789261,0.11747628450393677,0.18112190067768097,6.590623292673609,38.2030639911875,Central Zone,0.0636456161737442,Improved
-0.014987871050834656,-0.048737626522779465,0.1535411924123764,0.24692927300930023,6.685151241395493,38.201249899201564,Northern Zone,0.09338808059692383,Improved
-0.051820557564496994,-0.05674716457724571,0.19919723272323608,0.23123103380203247,6.751671997801214,38.26284150224053,Northern Zone,0.03203380107879639,Stable
0.024417506530880928,-0.026643989607691765,0.1379222571849823,0.19846342504024506,6.553678778415258,38.20199902826987,Southern Zone,0.060541167855262756,Improved
0.023191839456558228,-0.016714349389076233,0.1330977827310562,0.19833143055438995,6.724360551616162,38.225319776226016,Northern Zone,0.06523364782333374,Improved
0.02377290278673172,-0.04342767596244812,0.12299243360757828,0.19236046075820923,6.653527178765236,38.228177549922556,Central Zone,0.06936802715063095,Improved
-0.010758615098893642,-0.02588444948196411,0.144280806183815,0.22259053587913513,6.741673525558823,38.2474370783254,Northern Zone,0.07830972969532013,Improved
-0.04155789688229561,-0.04550207778811455,0.17013448476791382,0.24328015744686127,6.733177155678457,38.25098286752353,Northern Zone,0.07314567267894745,Improved
0.01769953966140747,-0.03861644119024277,0.11537919193506241,0.18542373180389404,6.6668469047721715,38.231040016658035,Central Zone,0.07004453986883163,Improved
-0.0725645124912262,-0.06933408230543137,0.23887822031974792,0.315544456243515,6.7515917759477615,38.266509462705315,Northern Zone,0.07666623592376709,Improved
-0.050794605165719986,-0.05405131354928017,0.21386827528476715,0.29713860154151917,6.709503228529455,38.24954318674788,Northern Zone,0.08327032625675201,Improved
0.06982392072677612,0.015601336024701595,0.10321610420942307,0.14078034460544586,6.582695411581031,38.2051923429844,Central Zone,0.0375642403960228,Stable
0.016787400469183922,-0.02133539319038391,0.1385507583618164,0.18302957713603973,6.637361452216181,38.22036870515768,Central Zone,0.04447881877422333,Stable
0.045285239815711975,-0.03896054998040199,0.10276888310909271,0.22620177268981934,6.702605184679789,38.23742008921388,Northern Zone,0.12343288958072662,Improved
-0.006284656468778849,-0.04820430651307106,0.13444958627223969,0.18029040098190308,6.6473855889908675,38.23686728600759,Central Zone,0.04584081470966339,Stable
-0.007132862228900194,-0.042812999337911606,0.12600290775299072,0.2501205801963806,6.7058775902610535,38.24696980702095,Northern Zone,0.12411767244338989,Improved
-0.04391423612833023,-0.05998758599162102,0.17400585114955902,0.25497427582740784,6.652024257627441,38.22906989817738,Central Zone,0.08096842467784882,Improved
0.01349305734038353,-0.015424164943397045,0.12893715500831604,0.2133937031030655,6.741430179628382,38.2519567497251,Northern Zone,0.08445654809474945,Improved
0.04021897539496422,-0.004960936494171619,0.12531813979148865,0.15587547421455383,6.643047590892441,38.216694478686414,Central Zone,0.030557334423065186,Stable
-0.01359450351446867,-0.04601161926984787,0.1939544677734375,0.2468315064907074,6.678600869881998,38.209880792787274,Northern Zone,0.0528770387172699,Improved
0.03960723057389259,-0.033832941204309464,0.12026290595531464,0.1869325041770935,6.656253292369426,38.22573091339411,Central Zone,0.06666959822177887,Improved
0.04219295457005501,0.039867158979177475,0.09016060084104538,0.1301683485507965,6.642230779954348,38.22075119985443,Central Zone,0.04000774770975113,Stable
-0.023929331451654434,-0.03457879647612572,0.17854426801204681,0.240434929728508,6.759827943039506,38.26238319940962,Northern Zone,0.06189066171646118,Improved
0.016296055167913437,-0.02416047640144825,0.13455475866794586,0.2024933099746704,6.753182013372746,38.23257054028569,Northern Zone,0.06793855130672455,Improved
0.04724068194627762,0.014048993587493896,0.12016673386096954,0.1830638349056244,6.612020762003828,38.2109331392168,Central Zone,0.06289710104465485,Improved
0.00929822027683258,-0.03694114834070206,0.14866873621940613,0.19265419244766235,6.595210877906706,38.21041295658944,Central Zone,0.043985456228256226,Stable
0.08800653368234634,0.02889290452003479,0.10438576340675354,0.17946405708789825,6.492518235924063,38.20284212512852,Southern Zone,0.07507829368114471,Improved
-0.007443272043019533,-0.04757314920425415,0.1415238380432129,0.18841439485549927,6.712219574784651,38.24486904889962,Northern Zone,0.04689055681228638,Stable
-0.020370371639728546,-0.030540719628334045,0.1601569652557373,0.233334481716156,6.729779164296156,38.24392574382043,Northern Zone,0.0731775164604187,Improved
0.004101966042071581,-0.0540115125477314,0.16779732704162598,0.2524096369743347,6.6151837834336265,38.227900500648424,Central Zone,0.08461230993270874,Improved
0.038090482354164124,-0.012180240824818611,0.1424109935760498,0.16695214807987213,6.633083330668856,38.20319271664443,Central Zone,0.024541154503822327,Stable
0.07079710066318512,0.04989774152636528,0.09541860967874527,0.14337694644927979,6.713242982045638,38.21167368170585,Northern Zone,0.047958336770534515,Stable
0.01792331226170063,-0.03831583261489868,0.14910314977169037,0.21977242827415466,6.762896342924267,38.24544971318659,Northern Zone,0.0706692785024643,Improved
-0.023344893008470535,-0.046272460371255875,0.15927086770534515,0.2287592738866806,6.546868476389535,38.199314598512636,Southern Zone,0.06948840618133545,Improved
-0.011833015829324722,-0.043763168156147,0.16628441214561462,0.22482378780841827,6.6686168052043815,38.215526564122705,Central Zone,0.05853937566280365,Improved
0.03489098697900772,-0.026873109862208366,0.1129179522395134,0.16722632944583893,6.741353029635456,38.2499799900691,Northern Zone,0.05430837720632553,Improved
0.00018162891501560807,-0.0360063873231411,0.12877768278121948,0.18004830181598663,6.605748456660933,38.21944334351556,Central Zone,0.05127061903476715,Improved
0.002012204146012664,-0.049454253166913986,0.17159852385520935,0.252981036901474,6.656117405429012,38.20700383503786,Central Zone,0.08138251304626465,Improved
0.03622953221201897,-0.00916295126080513,0.1354760080575943,0.19243302941322327,6.632545443101561,38.2180804669028,Central Zone,0.05695702135562897,Improved
-0.040683358907699585,-0.061547473073005676,0.20232655107975006,0.24589596688747406,6.660615114127609,38.22441037098385,Central Zone,0.043569415807724,Stable
-0.0167507566511631,-0.05361245945096016,0.150781512260437,0.22576487064361572,6.668061737206047,38.23413797011925,Central Zone,0.07498335838317871,Improved
-0.012723536230623722,-0.024546656757593155,0.1697133481502533,0.2088926136493683,6.723599710964441,38.23017771196916,Northern Zone,0.03917926549911499,Stable
0.007011049427092075,-0.030444158241152763,0.16237233579158783,0.22211840748786926,6.631516170912066,38.223331811720854,Central Zone,0.05974607169628143,Improved
0.04138092324137688,-0.03189642354846001,0.1529267132282257,0.23726581037044525,6.504051974264806,38.192810489572345,Southern Zone,0.08433909714221954,Improved
-0.04735681042075157,-0.04965445399284363,0.19948895275592804,0.20916327834129333,6.467991539719283,38.184473580979265,Southern Zone,0.009674325585365295,Stable
0.047498054802417755,0.005197169724851847,0.12548112869262695,0.1784578263759613,6.505470668741897,38.19951399613074,Southern Zone,0.05297669768333435,Improved
0.057466886937618256,0.0017700985772535205,0.1324138343334198,0.17130911350250244,6.694545923214174,38.22025288080637,Northern Zone,0.03889527916908264,Stable
0.008740721270442009,-0.030684959143400192,0.1384214609861374,0.19517888128757477,6.663187863152514,38.21975046347008,Central Zone,0.05675742030143738,Improved
-0.06989210844039917,-0.08777996897697449,0.20423966646194458,0.24390879273414612,6.742419208761082,38.2258034427457,Northern Zone,0.03966912627220154,Stable
0.016573244705796242,0.006727192085236311,0.10635065287351608,0.18088069558143616,6.703311870793312,38.215460186757966,Northern Zone,0.07453004270792007,Improved
0.0070346142165362835,-0.049144450575113297,0.11510061472654343,0.2726169228553772,6.709668782799603,38.23918449352339,Northern Zone,0.15751630812883377,Improved
0.02772158570587635,-0.019137278199195862,0.1398274451494217,0.1983843594789505,6.653406960046033,38.19939545184018,Central Zone,0.05855691432952881,Improved
0.021765489131212234,-0.0258620698004961,0.12157159298658371,0.18042726814746857,6.7401022401846475,38.24879294802395,Northern Zone,0.05885567516088486,Improved
0.05515920743346214,0.008835818618535995,0.11997924745082855,0.17000582814216614,6.671381365639531,38.20828845628853,Northern Zone,0.050026580691337585,Improved
0.03186819329857826,-0.0338933952152729,0.11327619850635529,0.20096248388290405,6.768426751673114,38.252864937756016,Northern Zone,0.08768628537654877,Improved
0.02725893445312977,-0.018784083425998688,0.10267942398786545,0.18874025344848633,6.4842744140949815,38.18979370816474,Southern Zone,0.08606082946062088,Improved
0.011428587138652802,-0.01611689105629921,0.13144882023334503,0.20786947011947632,6.561272158531298,38.20229201123652,Southern Zone,0.07642064988613129,Improved
-0.020350228995084763,-0.05503055080771446,0.21162353456020355,0.2579667866230011,6.522057421056692,38.19894923694452,Southern Zone,0.046343252062797546,Stable
0.014251207932829857,-0.01885296031832695,0.12981674075126648,0.1901630014181137,6.691539851924805,38.23464569061974,Northern Zone,0.06034626066684723,Improved
0.049162913113832474,-0.036791373044252396,0.11533989012241364,0.17301145195960999,6.675155199811984,38.23137089301507,Northern Zone,0.05767156183719635,Improved
-0.04075818881392479,-0.03210676833987236,0.18126632273197174,0.22760897874832153,6.707690889023143,38.2506465453174,Northern Zone,0.04634265601634979,Stable
0.06447095423936844,-0.009274682030081749,0.11875751614570618,0.19564440846443176,6.6246923571970715,38.21558151457545,Central Zone,0.07688689231872559,Improved
0.0013796304119750857,-0.042567137628793716,0.11610586196184158,0.21051836013793945,6.682793984025195,38.21065703661289,Northern Zone,0.09441249817609787,Improved
-0.007020622957497835,-0.04209592193365097,0.1663093864917755,0.18667350709438324,6.673905232118733,38.22604297169255,Northern Zone,0.020364120602607727,Stable
0.07715146243572235,0.02806773968040943,0.1065811812877655,0.12982894480228424,6.593037515698688,38.204432422781025,Central Zone,0.023247763514518738,Stable
0.04529928043484688,0.02195616438984871,0.11471457034349442,0.1803055852651596,6.610277263234581,38.21087049711457,Central Zone,0.06559101492166519,Improved
-0.00938095711171627,-0.02390037663280964,0.1500508189201355,0.20958667993545532,6.751599273255285,38.26064047690425,Northern Zone,0.059535861015319824,Improved
0.003519962774589658,-0.032988764345645905,0.13770173490047455,0.17438876628875732,6.677544833428842,38.238863678360374,Northern Zone,0.036687031388282776,Stable
-0.02066618762910366,-0.04549555107951164,0.15746252238750458,0.23737947642803192,6.724469312676782,38.24097915828708,Northern Zone,0.07991695404052734,Improved
-0.0034473303239792585,-0.03832932934165001,0.14655375480651855,0.23996412754058838,6.7569001457690225,38.269960907686176,Northern Zone,0.09341037273406982,Improved
-0.0012135327560827136,-0.024160945788025856,0.12404242157936096,0.1655220240354538,6.755429161815265,38.23347513043443,Northern Zone,0.041479602456092834,Stable
0.0022721115965396166,-0.028129758313298225,0.11900374293327332,0.24636542797088623,6.729835100893517,38.22738018260595,Northern Zone,0.12736168503761292,Improved
0.026876119896769524,-0.022125644609332085,0.14932839572429657,0.16686688363552094,6.6622876531075965,38.20253630043996,Central Zone,0.017538487911224365,Stable
-0.013478489592671394,-0.037980642169713974,0.16485092043876648,0.26411548256874084,6.731396049235153,38.2237784075652,Northern Zone,0.09926456212997437,Improved
0.08832697570323944,0.019665459170937538,0.09880601614713669,0.15436951816082,6.591963757855147,38.20292754919447,Central Zone,0.05556350201368332,Improved
0.07018983364105225,0.03378228470683098,0.10072647035121918,0.1511984020471573,6.591798619899233,38.20095207993178,Central Zone,0.05047193169593811,Improved
-0.004750388674438,-0.05036647990345955,0.12331289798021317,0.26459822058677673,6.677731378602631,38.23543313034228,Northern Zone,0.14128532260656357,Improved
0.04694559425115585,0.029681185260415077,0.1086026281118393,0.15747325122356415,6.754279506012983,38.26078205921059,Northern Zone,0.048870623111724854,Stable
0.06599600613117218,0.01355713326483965,0.11896194517612457,0.15473802387714386,6.627044339198047,38.208602550511955,Central Zone,0.03577607870101929,Stable
0.011517654173076153,-0.03235187381505966,0.12971298396587372,0.1971030980348587,6.599115543001321,38.225132290845636,Central Zone,0.06739011406898499,Improved
0.04789814352989197,-0.0005378379137255251,0.13366194069385529,0.20642100274562836,6.544423963143046,38.201179504643484,Southern Zone,0.07275906205177307,Improved
0.0005637551075778902,-0.027136752381920815,0.12542615830898285,0.2001543939113617,6.605007232553851,38.20530539337684,Central Zone,0.07472823560237885,Improved
-0.028710879385471344,-0.05639654025435448,0.19575655460357666,0.2535823881626129,6.5089202683437435,38.18729700228487,Southern Zone,0.057825833559036255,Improved
0.017527487128973007,-0.008084018714725971,0.15800656378269196,0.20424456894397736,6.72613770781925,38.22188127338264,Northern Zone,0.0462380051612854,Stable
0.018352851271629333,-0.03955072537064552,0.1281641125679016,0.16747458279132843,6.632891312995009,38.220051952622086,Central Zone,0.03931047022342682,Stable
0.0660351812839508,0.008767683990299702,0.10469908267259598,0.18066634237766266,6.5296137076465035,38.21164304767311,Southern Zone,0.07596725970506668,Improved
0.009472768753767014,-0.0323072224855423,0.13925787806510925,0.1720561683177948,6.625470987470039,38.227771404171285,Central Zone,0.03279829025268555,Stable
-0.026187026873230934,-0.05068650841712952,0.20001620054244995,0.2610856294631958,6.526541588113783,38.200903598992575,Southern Zone,0.06106942892074585,Improved
0.023494629189372063,-0.02005462534725666,0.14489954710006714,0.22599777579307556,6.660560230387811,38.210829510509114,Central Zone,0.08109822869300842,Improved
-0.013216126710176468,-0.046418964862823486,0.1263062059879303,0.2560936510562897,6.720768761387062,38.21601613823942,Northern Zone,0.12978744506835938,Improved
0.031567420810461044,-0.0048469980247318745,0.10905683785676956,0.1885981559753418,6.695151850014537,38.2428510789446,Northern Zone,0.07954131811857224,Improved
0.002801324939355254,-0.03565916419029236,0.11662054806947708,0.21865060925483704,6.717759953910742,38.227042014329754,Northern Zone,0.10203006118535995,Improved
-0.024307643994688988,-0.052053652703762054,0.1744324415922165,0.25346827507019043,6.758590858785138,38.26151764900637,Northern Zone,0.07903583347797394,Improved
0.0009945646161213517,-0.028030389919877052,0.13352344930171967,0.21928302943706512,6.701342595356055,38.20564144393643,Northern Zone,0.08575958013534546,Improved
0.08677161484956741,0.02046572044491768,0.10719257593154907,0.16608843207359314,6.505608578825194,38.20164902470152,Southern Zone,0.05889585614204407,Improved
0.041973941028118134,-0.018262403085827827,0.1413753181695938,0.16525982320308685,6.7544250102871635,38.253424514313224,Northern Zone,0.023884505033493042,Stable
0.018401654437184334,-0.03220178559422493,0.12014796584844589,0.18991824984550476,6.716440433454339,38.24694846184712,Northern Zone,0.06977028399705887,Improved
0.05018364265561104,-0.019777601584792137,0.1401904970407486,0.21200674772262573,6.5083609211562345,38.20404735801051,Southern Zone,0.07181625068187714,Improved
0.0004971829475834966,-0.025593865662813187,0.14334388077259064,0.1786055862903595,6.565280578354748,38.21365546384259,Southern Zone,0.03526170551776886,Stable
-0.00409673759713769,-0.02674918994307518,0.1446039378643036,0.20077058672904968,6.732654952371715,38.23291173116997,Northern Zone,0.056166648864746094,Improved
-0.039770543575286865,-0.044997990131378174,0.1960916966199875,0.21386019885540009,6.662286575519197,38.22269187564372,Central Zone,0.017768502235412598,Stable
0.06900035589933395,0.015475350432097912,0.10090923309326172,0.14766882359981537,6.768312435906458,38.25494648944303,Northern Zone,0.04675959050655365,Stable
-0.003770221257582307,-0.044146668165922165,0.18392744660377502,0.2720743715763092,6.7547358765425365,38.244970252393365,Northern Zone,0.08814692497253418,Improved
0.010737450793385506,-0.039889317005872726,0.1453133374452591,0.23399615287780762,6.678498282229167,38.20742548128408,Northern Zone,0.08868281543254852,Improved
0.03640235215425491,-0.03576453775167465,0.12298793345689774,0.17562268674373627,6.770581299408731,38.25057498214407,Northern Zone,0.05263475328683853,Improved
0.021381208673119545,-0.02467743493616581,0.14262856543064117,0.17681428790092468,6.676686899338547,38.20238923839206,Northern Zone,0.03418572247028351,Stable
0.03526779264211655,-0.02662060037255287,0.10954222083091736,0.21815459430217743,6.727424706386273,38.234338037997816,Northern Zone,0.10861237347126007,Improved
-0.02367497980594635,-0.03155093640089035,0.161324143409729,0.22814147174358368,6.715718941810812,38.22038780736003,Northern Zone,0.06681732833385468,Improved
-0.019762787967920303,-0.04727720096707344,0.16330519318580627,0.27714353799819946,6.698057008761916,38.246044154137664,Northern Zone,0.11383834481239319,Improved
0.039241090416908264,-0.026644855737686157,0.12570740282535553,0.15695546567440033,6.681769125434414,38.23094142740557,Northern Zone,0.0312480628490448,Stable
0.008692615665495396,-0.034214261919260025,0.15007129311561584,0.23187437653541565,6.656988613899737,38.2192128464305,Central Zone,0.0818030834197998,Improved
-0.018135081976652145,-0.053979359567165375,0.19616137444972992,0.2684131860733032,6.756995763726387,38.25815773188452,Northern Zone,0.0722518116235733,Improved
0.07198406755924225,0.014563875272870064,0.11307483166456223,0.17665831744670868,6.499570291889096,38.18709511172368,Southern Zone,0.06358348578214645,Improved
0.011271259747445583,-0.024799922481179237,0.1505875140428543,0.18363502621650696,6.553448256064441,38.2054998351339,Southern Zone,0.03304751217365265,Stable
-0.05002136155962944,-0.05323205888271332,0.214039146900177,0.296146959066391,6.737479954308742,38.221932407697054,Northern Zone,0.08210781216621399,Improved
0.08031010627746582,0.023244179785251617,0.10205543786287308,0.15958085656166077,6.6072721730189325,38.210607982522234,Central Zone,0.05752541869878769,Improved
0.02629069611430168,-0.024921370670199394,0.10571441054344177,0.17821305990219116,6.678177847340121,38.23277693260282,Northern Zone,0.07249864935874939,Improved
-0.0016553462482988834,-0.0073090000078082085,0.16112692654132843,0.17425976693630219,6.608603293850476,38.22575797082372,Central Zone,0.013132840394973755,Stable
0.08378507941961288,0.04550691321492195,0.09373936802148819,0.16106128692626953,6.550709967628823,38.21015214795506,Southern Zone,0.06732191890478134,Improved
0.05788341164588928,-0.008645028807222843,0.1135544627904892,0.18612025678157806,6.743345886477199,38.22125127332304,Northern Zone,0.07256579399108887,Improved
0.0341181680560112,-0.014683855697512627,0.15062248706817627,0.2129303514957428,6.544957370465635,38.19513326257751,Southern Zone,0.06230786442756653,Improved
-0.013157794252038002,-0.04913745075464249,0.16331177949905396,0.28784075379371643,6.546115096258012,38.20297543625269,Southern Zone,0.12452897429466248,Improved
0.017656655982136726,-0.023883087560534477,0.1259033977985382,0.21588078141212463,6.644770983631536,38.21376137264015,Central Zone,0.08997738361358643,Improved
0.05058228597044945,-0.02301582135260105,0.10778428614139557,0.203897625207901,6.765237195437986,38.251923953841555,Northern Zone,0.09611333906650543,Improved
0.04628588259220123,-0.02364909090101719,0.1192084401845932,0.19468411803245544,6.733582650360722,38.24863809592983,Northern Zone,0.07547567784786224,Improved
-0.025634974241256714,-0.05114134028553963,0.14287887513637543,0.23295080661773682,6.683355755100781,38.220825836316834,Northern Zone,0.09007193148136139,Improved
0.04643220454454422,0.037168655544519424,0.1271158903837204,0.15132303535938263,6.614270899649222,38.21704348670871,Central Zone,0.02420714497566223,Stable
-0.03313996270298958,-0.04433585703372955,0.19599294662475586,0.20763546228408813,6.763126833056857,38.26722668451308,Northern Zone,0.011642515659332275,Stable
-0.0032075729686766863,-0.04172869771718979,0.15413983166217804,0.250736802816391,6.623563799445423,38.22786977308525,Central Zone,0.09659697115421295,Improved
0.053413596004247665,0.00668568117544055,0.11800383031368256,0.18052613735198975,6.47310033959964,38.189488919985386,Southern Zone,0.06252230703830719,Improved
0.07437780499458313,0.01474632229655981,0.12216898053884506,0.18400853872299194,6.626532187089584,38.20021358463281,Central Zone,0.06183955818414688,Improved
0.020236164331436157,-0.0008352176519110799,0.11614180356264114,0.16509144008159637,6.594292171202855,38.211395063122886,Central Zone,0.04894963651895523,Stable
0.01741694286465645,-0.03505339473485947,0.11669633537530899,0.19894254207611084,6.742415074314834,38.250012027560544,Northern Zone,0.08224620670080185,Improved
0.11661724746227264,0.08934219926595688,0.07718809694051743,0.11967257410287857,6.5499601865038155,38.21229983546467,Southern Zone,0.042484477162361145,Stable
0.07131712138652802,0.010228365659713745,0.12408153712749481,0.17471908032894135,6.570288963683167,38.20094268013498,Central Zone,0.05063754320144653,Improved
-0.009508887305855751,-0.04192796349525452,0.18993166089057922,0.2724255919456482,6.748575334974439,38.24286139074571,Northern Zone,0.08249393105506897,Improved
0.009604194201529026,-0.007997811771929264,0.13730934262275696,0.16166311502456665,6.753698870709162,38.23246286293073,Northern Zone,0.024353772401809692,Stable
-0.014843706972897053,-0.022623369470238686,0.13917537033557892,0.23750141263008118,6.7328236649787145,38.25272901523064,Northern Zone,0.09832604229450226,Improved
0.05408850684762001,0.021412836387753487,0.1242123618721962,0.17206668853759766,6.688139120181045,38.23311971360494,Northern Zone,0.04785432666540146,Stable
0.07553000748157501,0.016936585307121277,0.10067106783390045,0.17132781445980072,6.734419931235094,38.24870450739331,Northern Zone,0.07065674662590027,Improved
0.05422128736972809,0.012843284755945206,0.0881708487868309,0.15795916318893433,6.507921313991082,38.19675917221229,Southern Zone,0.06978831440210342,Improved
0.02456100471317768,-0.01710563898086548,0.1421489119529724,0.20709972083568573,6.624506746574899,38.211621566478655,Central Zone,0.06495080888271332,Improved
-0.036754727363586426,-0.06182624772191048,0.21207568049430847,0.2739245295524597,6.765355267294088,38.2696678953148,Northern Zone,0.061848849058151245,Improved
0.03980526700615883,-0.012198946438729763,0.12347205728292465,0.19817917048931122,6.68891475164233,38.23659408229854,Northern Zone,0.07470711320638657,Improved
0.0648585855960846,0.019761884585022926,0.1216353327035904,0.17847725749015808,6.516468825082047,38.202885788414704,Southern Zone,0.05684192478656769,Improved
0.027364106848835945,-0.012476933188736439,0.12584088742733002,0.1827704906463623,6.677358616544292,38.223455769088964,Northern Zone,0.05692960321903229,Improved
-0.04023751616477966,-0.05623641237616539,0.23753967881202698,0.2658344507217407,6.758961472310034,38.27006615975998,Northern Zone,0.028294771909713745,Stable
0.01707935519516468,-0.03690306842327118,0.17194077372550964,0.23374317586421967,6.622438291842163,38.199940337025474,Central Zone,0.06180240213871002,Improved
0.026622246950864792,-0.002285341266542673,0.1447293907403946,0.1994059681892395,6.611487591926804,38.20180583494145,Central Zone,0.05467657744884491,Improved
-0.010097270831465721,-0.026816844940185547,0.09704793244600296,0.17338663339614868,6.70222036102667,38.241485598401496,Northern Zone,0.07633870095014572,Improved
0.06479212641716003,0.0326448455452919,0.10469257831573486,0.16254766285419464,6.634019185749787,38.20908588342633,Central Zone,0.05785508453845978,Improved
0.04772529378533363,0.04429224878549576,0.09347078204154968,0.12924472987651825,6.64222825935855,38.22095798933754,Central Zone,0.03577394783496857,Stable
0.058249104768037796,-0.02686157636344433,0.10702105611562729,0.1612253487110138,6.7598130845380044,38.25709504392613,Northern Zone,0.054204292595386505,Improved
0.029549768194556236,-0.02493162453174591,0.1282472461462021,0.25474363565444946,6.718835736461268,38.21794552882261,Northern Zone,0.12649638950824738,Improved
-0.02627504989504814,-0.07152199000120163,0.21732251346111298,0.27307042479515076,6.525973256222112,38.1982512928999,Southern Zone,0.05574791133403778,Improved
0.017528757452964783,-0.01798654906451702,0.10681802034378052,0.1716281771659851,6.699422080428716,38.23997751154422,Northern Zone,0.06481015682220459,Improved
0.010828095488250256,-0.06006404012441635,0.13278108835220337,0.22047322988510132,6.643185834408213,38.224633384598704,Central Zone,0.08769214153289795,Improved
0.010612920857965946,-0.03144920617341995,0.13228653371334076,0.1901906132698059,6.7456024125976235,38.23832400501038,Northern Zone,0.05790407955646515,Improved
-0.015117142349481583,-0.0340101383626461,0.15249226987361908,0.2661980390548706,6.711703816133717,38.22686502125852,Northern Zone,0.11370576918125153,Improved
0.03068811632692814,-0.04170960187911987,0.12036633491516113,0.1995173543691635,6.670579323040155,38.231722118512955,Central Zone,0.07915101945400238,Improved
0.052263256162405014,0.007603760808706284,0.12025477737188339,0.16744671761989594,6.623934902256183,38.21751329406383,Central Zone,0.04719194024801254,Stable
0.02901432290673256,-0.04342173784971237,0.12047991901636124,0.2725893557071686,6.703492907749537,38.23705481194677,Northern Zone,0.15210943669080734,Improved
-0.012003717012703419,-0.037115588784217834,0.1653977483510971,0.23833437263965607,6.679536290862361,38.214436290873806,Northern Zone,0.07293662428855896,Improved
0.06010263413190842,-0.011059772223234177,0.11637023836374283,0.1713733673095703,6.718476755004725,38.24891592119646,Northern Zone,0.055003128945827484,Improved
0.039647575467824936,-0.029937060549855232,0.1486981213092804,0.19320259988307953,6.53016703747226,38.196232416984515,Southern Zone,0.04450447857379913,Stable
-0.08210884034633636,-0.06336665153503418,0.19014985859394073,0.30209481716156006,6.736382104025997,38.25929010757538,Northern Zone,0.11194495856761932,Improved
0.024295659735798836,-0.012881498783826828,0.1353944092988968,0.20817454159259796,6.738093856424472,38.25337317002705,Northern Zone,0.07278013229370117,Improved
0.04270610213279724,0.0013924571685492992,0.11570099741220474,0.16623036563396454,6.742920151324934,38.22152793413038,Northern Zone,0.050529368221759796,Improved
0.04026094824075699,-0.00031668561859987676,0.10424572974443436,0.18862684071063995,6.7342756042767205,38.231425652964965,Northern Zone,0.0843811109662056,Improved
0.06740071624517441,0.004885141737759113,0.12773683667182922,0.2038620561361313,6.5334866098315265,38.212377473595154,Southern Zone,0.07612521946430206,Improved
0.011187752708792686,-0.047954726964235306,0.1339864432811737,0.22791115939617157,6.673483947227849,38.222974475441994,Northern Zone,0.09392471611499786,Improved
0.014965474605560303,-0.01463181059807539,0.14504146575927734,0.22000910341739655,6.717900661881416,38.21845735901742,Northern Zone,0.0749676376581192,Improved
0.0005198395228944719,-0.0377788245677948,0.1567842662334442,0.2387421727180481,6.6534145796656015,38.21338786621144,Central Zone,0.08195790648460388,Improved
0.030453482642769814,-0.0319640226662159,0.14217786490917206,0.2292230725288391,6.616930082056072,38.2046771633225,Central Zone,0.08704520761966705,Improved
0.028900261968374252,-0.011573106981813908,0.1253431886434555,0.16449180245399475,6.644099806779078,38.21312853468813,Central Zone,0.039148613810539246,Stable
-0.034244999289512634,-0.049474164843559265,0.19185574352741241,0.25227823853492737,6.690426398633779,38.239804804619794,Northern Zone,0.060422495007514954,Improved
-0.015000667423009872,-0.04037467762827873,0.13704878091812134,0.24136479198932648,6.743362234195836,38.243235083517874,Northern Zone,0.10431601107120514,Improved
0.05779629945755005,-0.008044732734560966,0.11201292276382446,0.16045844554901123,6.508225207133303,38.193445791433,Southern Zone,0.04844552278518677,Stable
0.09274720400571823,0.04025654494762421,0.10159935057163239,0.16481027007102966,6.517667838532629,38.205252367024734,Southern Zone,0.06321091949939728,Improved
0.029401715844869614,-0.0030767517164349556,0.12046242505311966,0.17353421449661255,6.470590709989609,38.180195893850616,Southern Zone,0.05307178944349289,Improved
0.04272765293717384,0.0010152666363865137,0.11342425644397736,0.17466001212596893,6.602523451804845,38.22129551944864,Central Zone,0.06123575568199158,Improved
0.07151840627193451,-0.009255584329366684,0.10577140748500824,0.17473424971103668,6.7110942641441795,38.22412035973599,Northern Zone,0.06896284222602844,Improved
-0.0032900392543524504,-0.03276377171278,0.19534996151924133,0.1292564421892166,6.616117471052063,38.2262616572693,Central Zone,-0.06609351933002472,Degraded
0.07627508789300919,0.010941552929580212,0.11021234095096588,0.1801949143409729,6.5163602269057455,38.20629875891074,Southern Zone,0.06998257339000702,Improved
0.0630972757935524,0.02952847257256508,0.11976829171180725,0.18685045838356018,6.631845921416154,38.20734899573305,Central Zone,0.06708216667175293,Improved
-0.023830309510231018,-0.03505048528313637,0.17843106389045715,0.1926598846912384,6.66975827635292,38.21109939841995,Central Zone,0.01422882080078125,Stable
0.02254580520093441,-0.0306729543954134,0.11519283801317215,0.19627761840820312,6.716080279059222,38.24634556743565,Northern Zone,0.08108478039503098,Improved
0.05041894316673279,0.026126215234398842,0.0860036090016365,0.13395483791828156,6.482955498744409,38.20362505743012,Southern Zone,0.04795122891664505,Stable
-0.002125159138813615,-0.015870722010731697,0.1830795556306839,0.20254750549793243,6.751276144691733,38.259559962328275,Northern Zone,0.019467949867248535,Stable
-0.04316982999444008,-0.040402695536613464,0.1927492618560791,0.22961105406284332,6.725739745217009,38.2401082475884,Northern Zone,0.03686179220676422,Stable
-0.004280386958271265,-0.03823181241750717,0.18307039141654968,0.25638070702552795,6.638638534554048,38.204004674471925,Central Zone,0.07331031560897827,Improved
0.08535899221897125,0.034635502845048904,0.10789301991462708,0.16068606078624725,6.534381665478983,38.20503635524855,Southern Zone,0.05279304087162018,Improved
0.025544028729200363,-0.03129928559064865,0.13343660533428192,0.1338532567024231,6.566935753297987,38.21399543312733,Central Zone,0.0004166513681411743,Stable
-0.026686012744903564,-0.01706119440495968,0.15664462745189667,0.17804716527462006,6.745709305763573,38.2249773762122,Northern Zone,0.02140253782272339,Stable
-0.038497380912303925,-0.06292378902435303,0.19555917382240295,0.29076293110847473,6.722262069186653,38.23644024481836,Northern Zone,0.09520375728607178,Improved
0.024208692833781242,-0.026277661323547363,0.12482539564371109,0.20559614896774292,6.6474567254285635,38.224243173219286,Central Zone,0.08077075332403183,Improved
0.05828116834163666,0.011480927467346191,0.11490081250667572,0.1759970784187317,6.5966579586068885,38.21796784868673,Central Zone,0.06109626591205597,Improved
0.017743652686476707,0.0015531361568719149,0.13103508949279785,0.15913736820220947,6.721149778884411,38.23831545981239,Northern Zone,0.02810227870941162,Stable
0.05185965076088905,-0.02000974863767624,0.140046164393425,0.1857878416776657,6.521335944196005,38.203136160047364,Southern Zone,0.04574167728424072,Stable
0.0764000415802002,0.018623551353812218,0.1102537214756012,0.159393310546875,6.507103553142463,38.199326456927565,Southern Zone,0.049139589071273804,Stable
0.01452322956174612,-0.03269527852535248,0.12743332982063293,0.2195892632007599,6.740936591392898,38.25161699546166,Northern Zone,0.09215593338012695,Improved
0.03540968894958496,-0.013669888488948345,0.1555972397327423,0.20176656544208527,6.614254085504707,38.21788827029987,Central Zone,0.04616932570934296,Stable
0.029349127784371376,-0.022530442103743553,0.11172191798686981,0.17002539336681366,6.731964627337652,38.23568108886468,Northern Zone,0.05830347537994385,Improved
0.044822365045547485,-0.020670685917139053,0.11248058825731277,0.17458751797676086,6.50654301995975,38.1838420959894,Southern Zone,0.06210692971944809,Improved
0.04411940649151802,-0.007554065901786089,0.12979215383529663,0.21609453856945038,6.617326403205447,38.20587148134554,Central Zone,0.08630238473415375,Improved
0.01879459246993065,-0.020724106580018997,0.14343684911727905,0.19198547303676605,6.597737180675506,38.20427592417375,Central Zone,0.048548623919487,Stable
0.001885692123323679,-0.01934298314154148,0.17155510187149048,0.19559670984745026,6.752204494532415,38.25083238834023,Northern Zone,0.024041607975959778,Stable
-0.028663262724876404,-0.052924275398254395,0.16493229568004608,0.24552501738071442,6.652649066686752,38.22873297888517,Central Zone,0.08059272170066833,Improved
-0.00027052860241383314,-0.023867378011345863,0.16159184277057648,0.21596762537956238,6.713454379316795,38.21609094917145,Northern Zone,0.0543757826089859,Improved
0.035472992807626724,0.0031470342073589563,0.14030054211616516,0.1906769871711731,6.466472283062639,38.19019496198226,Southern Zone,0.050376445055007935,Improved
-0.015480920672416687,-0.042686544358730316,0.1643669754266739,0.25681841373443604,6.725737904738176,38.2155424015559,Northern Zone,0.09245143830776215,Improved
-0.004917559679597616,-0.04140761122107506,0.15839266777038574,0.23268556594848633,6.555138942023588,38.205054121920725,Southern Zone,0.07429289817810059,Improved
0.010164154693484306,-0.02033979818224907,0.14441879093647003,0.2052227109670639,6.57556060562696,38.21580795453585,Central Zone,0.06080392003059387,Improved
0.013877120800316334,-0.025968220084905624,0.1579982340335846,0.2241775095462799,6.515961491938799,38.19974585950046,Southern Zone,0.06617927551269531,Improved
0.030417971312999725,-0.036256637424230576,0.1354081630706787,0.1941060572862625,6.760973732238839,38.238270322605075,Northern Zone,0.0586978942155838,Improved
-0.005660914350301027,-0.019091902300715446,0.15464279055595398,0.19311466813087463,6.761937093071447,38.26404912419345,Northern Zone,0.038471877574920654,Stable
0.044516514986753464,-0.018034765496850014,0.11511769890785217,0.223299041390419,6.629085816521878,38.19653494110595,Central Zone,0.10818134248256683,Improved
0.07959498465061188,0.040525082498788834,0.09936192631721497,0.15590612590312958,6.587548972276808,38.212287998846726,Central Zone,0.05654419958591461,Improved
0.0708218589425087,-0.020334739238023758,0.11633110046386719,0.24970558285713196,6.547427878108148,38.20797018380282,Southern Zone,0.13337448239326477,Improved
0.006455139722675085,-0.04784426465630531,0.10965041816234589,0.22795036435127258,6.70889306726569,38.2405558712664,Northern Zone,0.1182999461889267,Improved
0.03835509717464447,-0.028785521164536476,0.12132624536752701,0.1906263679265976,6.484809565611234,38.20278355337716,Southern Zone,0.06930012255907059,Improved
-0.0073185027576982975,-0.031902559101581573,0.12457890808582306,0.19782815873622894,6.711534686642837,38.245706133956,Northern Zone,0.07324925065040588,Improved
-0.004336684476584196,-0.03801966458559036,0.16157938539981842,0.2488873451948166,6.6774284307912515,38.215061859450785,Northern Zone,0.08730795979499817,Improved
0.019985362887382507,-0.05423231050372124,0.1405317485332489,0.2246609330177307,6.668130437711782,38.23015704070404,Central Zone,0.08412918448448181,Improved
-0.006633263546973467,-0.04517900198698044,0.17904071509838104,0.22096624970436096,6.498135289572688,38.18460762087358,Southern Zone,0.04192553460597992,Stable
-0.002856864593923092,-0.029689854010939598,0.14630521833896637,0.19134774804115295,6.753531559781179,38.22724287765573,Northern Zone,0.045042529702186584,Stable
0.05919373780488968,0.01012817956507206,0.1193600669503212,0.18721066415309906,6.697834903935979,38.22315269837572,Northern Zone,0.06785059720277786,Improved
-0.0028702588751912117,-0.0431211031973362,0.15222837030887604,0.2392197847366333,6.668298475321129,38.2109298963915,Central Zone,0.08699141442775726,Improved
-0.0031725007575005293,-0.04075446352362633,0.17049704492092133,0.2145116627216339,6.776236624537536,38.26846286376532,Northern Zone,0.044014617800712585,Stable
0.0554792620241642,-0.02222735993564129,0.11535431444644928,0.17627066373825073,6.507037294966221,38.190950616105034,Southern Zone,0.06091634929180145,Improved
0.008127111941576004,-0.05418926104903221,0.1518169343471527,0.23273296654224396,6.76784014036507,38.26660309682532,Northern Zone,0.08091603219509125,Improved
0.05352899059653282,-0.023686762899160385,0.11372202634811401,0.19139224290847778,6.669521900548103,38.201861045423,Central Zone,0.07767021656036377,Improved
-0.040799640119075775,-0.047137439250946045,0.177311971783638,0.23289676010608673,6.719773764890707,38.25270987868572,Northern Zone,0.05558478832244873,Improved
0.05450597032904625,0.008384689688682556,0.11366210132837296,0.16590645909309387,6.651194504017884,38.2218987387746,Central Zone,0.05224435776472092,Improved
0.020102184265851974,-0.020972326397895813,0.13056577742099762,0.2059982568025589,6.762626030297996,38.236889917016775,Northern Zone,0.07543247938156128,Improved
0.016858840361237526,-0.01914992928504944,0.15159238874912262,0.16380974650382996,6.593623019627532,38.20721632512629,Central Zone,0.012217357754707336,Stable
0.02001696079969406,0.0012996389996260405,0.14127710461616516,0.21309466660022736,6.675653601291259,38.209504283287515,Northern Zone,0.0718175619840622,Improved
0.03992938995361328,-0.012491782195866108,0.12224302440881729,0.1738668531179428,6.69846426516819,38.23773256983605,Northern Zone,0.05162382870912552,Improved
-0.03831086680293083,-0.03420039266347885,0.21363258361816406,0.2417047917842865,6.756395543788627,38.261934017744245,Northern Zone,0.028072208166122437,Stable
0.0780099481344223,0.014873260632157326,0.11062774062156677,0.16055446863174438,6.527467562929736,38.19369256322804,Southern Zone,0.04992672801017761,Stable
0.008132273331284523,-0.018909472972154617,0.11555555462837219,0.17791026830673218,6.68578165033046,38.227465868456314,Northern Zone,0.062354713678359985,Improved
-0.016232622787356377,-0.05582704767584801,0.17700789868831635,0.24240922927856445,6.691687982580222,38.22410340112099,Northern Zone,0.06540133059024811,Improved
-0.018481150269508362,-0.02694481797516346,0.19000749289989471,0.20874907076358795,6.737302825308844,38.22024302278946,Northern Zone,0.018741577863693237,Stable
-0.0401998907327652,-0.061840638518333435,0.1892748475074768,0.263112872838974,6.667254230062935,38.21088896734305,Central Zone,0.07383802533149719,Improved
0.03514016419649124,0.004859942011535168,0.13976676762104034,0.20203237235546112,6.622519554323783,38.20955547550823,Central Zone,0.062265604734420776,Improved
0.0789233148097992,0.005549541208893061,0.10409487783908844,0.16963790357112885,6.665277888953905,38.202436554220625,Central Zone,0.0655430257320404,Improved
0.03335709869861603,0.0026064033154398203,0.13508187234401703,0.16872544586658478,6.6147808847930705,38.19801932370649,Central Zone,0.03364357352256775,Stable
0.040903180837631226,-0.02288978360593319,0.12152723968029022,0.18478816747665405,6.7588370599045255,38.239080836543664,Northern Zone,0.06326092779636383,Improved
-0.004417505580931902,-0.03302627056837082,0.1466631144285202,0.2077704221010208,6.625784526401628,38.226909531396764,Central Zone,0.06110730767250061,Improved
0.03839107230305672,-0.009029391221702099,0.12792837619781494,0.1480696052312851,6.602769892811548,38.21451690808006,Central Zone,0.020141229033470154,Stable
0.053090743720531464,0.00866076909005642,0.10646593570709229,0.1793317198753357,6.503481699069908,38.197781504835085,Southern Zone,0.07286578416824341,Improved
-0.01635875552892685,-0.05736646056175232,0.1725473403930664,0.21224240958690643,6.768149600573201,38.25936765336525,Northern Zone,0.03969506919384003,Stable
0.025911923497915268,0.0014514841604977846,0.130631685256958,0.17511311173439026,6.595894634685616,38.21202752110482,Central Zone,0.04448142647743225,Stable
0.02787071280181408,-0.03051542490720749,0.10549496859312057,0.18785490095615387,6.4921776598445184,38.18836988319225,Southern Zone,0.0823599323630333,Improved
-0.0015206794487312436,-0.05289885774254799,0.12697169184684753,0.254652738571167,6.714267586708448,38.21290342932045,Northern Zone,0.12768104672431946,Improved
0.02966502495110035,-0.02210075967013836,0.12122369557619095,0.18155187368392944,6.72412856115358,38.224921670519535,Northern Zone,0.060328178107738495,Improved
0.06061355024576187,0.026247665286064148,0.1076018363237381,0.12773825228214264,6.6231598891205685,38.22012801250823,Central Zone,0.02013641595840454,Stable
-0.014254647307097912,-0.025004509836435318,0.14061740040779114,0.17734088003635406,6.59437502900602,38.21550404734641,Central Zone,0.03672347962856293,Stable
0.045170653611421585,-0.03803939372301102,0.13735494017601013,0.22894451022148132,6.624120074741456,38.22850745758568,Central Zone,0.09158957004547119,Improved
-0.004696896765381098,-0.030196255072951317,0.11389368772506714,0.19422423839569092,6.7590443704985566,38.233372377092,Northern Zone,0.08033055067062378,Improved
0.058048397302627563,0.009986922144889832,0.11157550662755966,0.17309556901454926,6.636486657992308,38.21797832087666,Central Zone,0.061520062386989594,Improved
-0.006126229651272297,-0.03771470859646797,0.16705822944641113,0.23393931984901428,6.734892695747492,38.223053285525005,Northern Zone,0.06688109040260315,Improved
0.03436233103275299,-0.02276802249252796,0.11097268760204315,0.20185765624046326,6.661432775046503,38.22976403227412,Central Zone,0.0908849686384201,Improved
-0.06041067838668823,0.041092026978731155,0.27075862884521484,-0.11985400319099426,6.459844564476992,38.19955802994731,Southern Zone,-0.3906126320362091,Degraded
0.06170642748475075,0.01440820936113596,0.08955781161785126,0.16660809516906738,6.499340110962045,38.194417203016414,Southern Zone,0.07705028355121613,Improved
0.05382656306028366,0.004284179303795099,0.11349277943372726,0.18004374206066132,6.657327729095255,38.22197464482864,Central Zone,0.06655096262693405,Improved
0.020208565518260002,-0.016371048986911774,0.13178767263889313,0.18258798122406006,6.596377426445123,38.21629575033557,Central Zone,0.05080030858516693,Improved
0.032191820442676544,0.0014885730342939496,0.11596247553825378,0.18913598358631134,6.6616409294518935,38.21833690042999,Central Zone,0.07317350804805756,Improved
-0.058958712965250015,-0.034739140421152115,0.171150803565979,0.241254523396492,6.690817732854914,38.2420567084145,Northern Zone,0.070103719830513,Improved
0.03712509572505951,-0.02584073506295681,0.14170776307582855,0.20474137365818024,6.6221036129052635,38.20347991244994,Central Zone,0.06303361058235168,Improved
0.03887240216135979,-0.004371759947389364,0.13300687074661255,0.2181491106748581,6.633917245788021,38.20811811966483,Central Zone,0.08514223992824554,Improved
0.0222477950155735,-0.03230466693639755,0.11729982495307922,0.21582326292991638,6.711206037852304,38.23374601209732,Northern Zone,0.09852343797683716,Improved
0.0818130373954773,0.03427814319729805,0.09732145071029663,0.16914062201976776,6.531358764304908,38.21168388465,Southern Zone,0.07181917130947113,Improved
0.009289969690144062,-0.011156585067510605,0.15501102805137634,0.21620798110961914,6.675100704029488,38.205999437080756,Northern Zone,0.0611969530582428,Improved
0.046026669442653656,-0.031782232224941254,0.12454446405172348,0.21803756058216095,6.693795058544711,38.23679501129491,Northern Zone,0.09349309653043747,Improved
0.0473172627389431,0.014062141999602318,0.10592798888683319,0.15058454871177673,6.608837342907889,38.20610219356028,Central Zone,0.04465655982494354,Stable
0.07064396142959595,0.03513386845588684,0.12198102474212646,0.15581297874450684,6.756502140920515,38.25007268426219,Northern Zone,0.03383195400238037,Stable
0.05810858681797981,-0.0008799349889159203,0.11003199219703674,0.15747715532779694,6.660542996800548,38.20196583279751,Central Zone,0.04744516313076019,Stable
0.10453318059444427,0.02002551779150963,0.0932876318693161,0.1648237407207489,6.500198861569338,38.201691134131906,Southern Zone,0.0715361088514328,Improved
0.05181741714477539,0.020557764917612076,0.1145097017288208,0.18883198499679565,6.6975788132292555,38.22266998517902,Northern Zone,0.07432228326797485,Improved
-0.0031907293014228344,-0.037451669573783875,0.1423875093460083,0.23288244009017944,6.609504934180723,38.19818217859171,Central Zone,0.09049493074417114,Improved
0.06713403016328812,0.027539072558283806,0.09665820747613907,0.14057955145835876,6.769402644135533,38.25741924148459,Northern Zone,0.043921343982219696,Stable
0.028224103152751923,-0.010363712906837463,0.11847706139087677,0.18482409417629242,6.4791998308241086,38.18419475665981,Southern Zone,0.06634703278541565,Improved
0.0465301088988781,0.0189184732735157,0.12736858427524567,0.18623822927474976,6.623665987884427,38.20144259139144,Central Zone,0.05886964499950409,Improved
0.02107294276356697,-0.007244626991450787,0.1299002319574356,0.20030614733695984,6.722517849447271,38.21264994537521,Northern Zone,0.07040591537952423,Improved
0.021892277523875237,-0.024261070415377617,0.11968612670898438,0.20129865407943726,6.705151056908209,38.23074170001491,Northern Zone,0.08161252737045288,Improved
0.0046102069318294525,-0.030556393787264824,0.11934609711170197,0.2000676542520523,6.481527776746139,38.1818186177946,Southern Zone,0.08072155714035034,Improved
0.028928352519869804,-0.023899121209979057,0.13767693936824799,0.20436407625675201,6.75636651914378,38.24884123154623,Northern Zone,0.06668713688850403,Improved
0.02154826931655407,-0.018619224429130554,0.1326778531074524,0.15022847056388855,6.6628528380363825,38.203279790363474,Central Zone,0.017550617456436157,Stable
-0.014282407239079475,-0.02984759397804737,0.15947706997394562,0.24873216450214386,6.727577842160958,38.23022480029803,Northern Zone,0.08925509452819824,Improved
0.02971596084535122,-0.033135827630758286,0.15158982574939728,0.22224900126457214,6.493507465781935,38.18435190976405,Southern Zone,0.07065917551517487,Improved
0.0814506933093071,0.0012729408917948604,0.11742474883794785,0.1866336166858673,6.542803025916792,38.21036869292415,Southern Zone,0.06920886784791946,Improved
0.031130749732255936,-0.011241570115089417,0.1262100636959076,0.21111981570720673,6.660976801384357,38.21119115349265,Central Zone,0.08490975201129913,Improved
-0.058701008558273315,-0.028659719973802567,0.1746828854084015,0.209177628159523,6.731538724743712,38.22535889662704,Northern Zone,0.03449474275112152,Stable
0.024237679317593575,0.0028461546171456575,0.12425947934389114,0.18648569285869598,6.713009113648349,38.212491269821875,Northern Zone,0.06222621351480484,Improved
0.010911567136645317,-0.050159189850091934,0.14347420632839203,0.2079801857471466,6.626858326726711,38.22337870199402,Central Zone,0.06450597941875458,Improved
0.03708748519420624,-0.02586011216044426,0.1265278160572052,0.24280153214931488,6.489901811889452,38.18005718582675,Southern Zone,0.11627371609210968,Improved
0.05074771121144295,0.011243948712944984,0.11381703615188599,0.1903732270002365,6.664164015408462,38.21191767023224,Central Zone,0.07655619084835052,Improved
0.05415961518883705,-0.011234232224524021,0.11087065190076828,0.18798956274986267,6.732453290408369,38.23658111284933,Northern Zone,0.07711891084909439,Improved
0.0,-0.03363855183124542,0.14516796171665192,0.1886245310306549,6.68637037233432,38.24448964700077,Northern Zone,0.04345656931400299,Stable
0.023984739556908607,-0.011991651728749275,0.14904414117336273,0.22397777438163757,6.6270102630082315,38.20143283528587,Central Zone,0.07493363320827484,Improved
-0.00865054503083229,-0.0510534942150116,0.183828666806221,0.2880147695541382,6.689806358817703,38.21828198658959,Northern Zone,0.10418610274791718,Improved
0.027172289788722992,-0.022490069270133972,0.12917830049991608,0.18165136873722076,6.70206220206035,38.2470374395195,Northern Zone,0.05247306823730469,Improved
0.019571367651224136,-0.04789527878165245,0.1642996072769165,0.20515376329421997,6.584059795707535,38.21435455747526,Central Zone,0.04085415601730347,Stable
-0.0051005519926548,-0.03234875202178955,0.20217293500900269,0.20040485262870789,6.624720773517838,38.224067986094106,Central Zone,-0.0017680823802947998,Stable
0.07035977393388748,0.010217021219432354,0.1056172177195549,0.15932932496070862,6.774404166728104,38.26922708446798,Northern Zone,0.05371210724115372,Improved
-0.016569582745432854,-0.04563517868518829,0.16007550060749054,0.2512999176979065,6.483661436461278,38.181616813366496,Southern Zone,0.09122441709041595,Improved
0.07598304003477097,0.04580121487379074,0.09289843589067459,0.13432784378528595,6.6107540057210565,38.20900074291717,Central Zone,0.04142940789461136,Stable
0.019862888380885124,-0.025044646114110947,0.13025455176830292,0.1703111082315445,6.483402880725111,38.18594830251736,Southern Zone,0.04005655646324158,Stable
-0.04146358370780945,-0.03483009338378906,0.22446155548095703,0.22503885626792908,6.747764610352105,38.23395674873768,Northern Zone,0.0005773007869720459,Stable
-0.004014435689896345,-0.0374361090362072,0.18168330192565918,0.2498512864112854,6.672940441988683,38.219294857375615,Northern Zone,0.06816798448562622,Improved
-0.028391478583216667,-0.04433809220790863,0.21879447996616364,0.24944087862968445,6.536023928863099,38.19418626289521,Southern Zone,0.030646398663520813,Stable
-0.024103928357362747,-0.043393027037382126,0.22208207845687866,0.25366026163101196,6.524122305447604,38.19521033609519,Southern Zone,0.0315781831741333,Stable
0.06616465747356415,0.01422759611159563,0.11106163263320923,0.17144833505153656,6.620625216539796,38.197838290554785,Central Zone,0.06038670241832733,Improved
0.04489415884017944,0.004837019834667444,0.11657226830720901,0.19098135828971863,6.556336752455863,38.21018402408887,Southern Zone,0.07440908998250961,Improved
-0.010029753670096397,0.014838182367384434,0.1387045681476593,0.19244547188282013,6.728274336266285,38.242472903119584,Northern Zone,0.05374090373516083,Improved
0.0,-0.0327799916267395,0.18117764592170715,0.24507085978984833,6.759182630217508,38.26911756346106,Northern Zone,0.06389321386814117,Improved
0.035078633576631546,0.005752237048000097,0.14010761678218842,0.18696580827236176,6.750657888223227,38.259096455842716,Northern Zone,0.04685819149017334,Stable
0.03218667954206467,-0.031043965369462967,0.11472927033901215,0.23743398487567902,6.703507591285303,38.23810984319023,Northern Zone,0.12270471453666687,Improved
0.01705637015402317,-0.02013261988759041,0.15944094955921173,0.18110312521457672,6.752883017655874,38.2571862195508,Northern Zone,0.02166217565536499,Stable
-0.02934344671666622,-0.058296751230955124,0.19434675574302673,0.2661256492137909,6.770346161344077,38.265266357615104,Northern Zone,0.07177889347076416,Improved
0.02549567073583603,-0.0434543676674366,0.12031854689121246,0.26894593238830566,6.678019422043026,38.22645434339583,Northern Zone,0.1486273854970932,Improved
0.014215596951544285,-0.014438911341130733,0.1482848823070526,0.1995939165353775,6.699022150280534,38.22741653262716,Northern Zone,0.05130903422832489,Improved
0.06894978880882263,0.01945819891989231,0.10571689903736115,0.18329676985740662,6.583789092391694,38.203839182380705,Central Zone,0.07757987082004547,Improved
-0.011980448849499226,-0.0283066313713789,0.16542412340641022,0.21968914568424225,6.758589554931396,38.229938429605006,Northern Zone,0.05426502227783203,Improved
-0.01958126202225685,-0.04489203542470932,0.16055361926555634,0.23125068843364716,6.763406246185087,38.267939339123885,Northern Zone,0.07069706916809082,Improved
0.046698831021785736,-0.03874899074435234,0.12920363247394562,0.23588040471076965,6.641690059479833,38.22871368726462,Central Zone,0.10667677223682404,Improved
0.04238474369049072,-0.020419858396053314,0.11693473160266876,0.1962476223707199,6.712447700818167,38.24747855791529,Northern Zone,0.07931289076805115,Improved
0.025913262739777565,-0.021285705268383026,0.12448472529649734,0.22366026043891907,6.696254509295047,38.24260129423279,Northern Zone,0.09917553514242172,Improved
0.04034750908613205,-0.02872304618358612,0.15166698396205902,0.20033882558345795,6.632570947973129,38.20229389203098,Central Zone,0.048671841621398926,Stable
0.006221643649041653,-0.023503093048930168,0.12320586293935776,0.20978744328022003,6.72513516253629,38.2085949693248,Northern Zone,0.08658158034086227,Improved
0.04432883486151695,-0.03600122034549713,0.11024844646453857,0.16252025961875916,6.741810112307744,38.23899096787318,Northern Zone,0.05227181315422058,Improved
-0.018749263137578964,-0.03964313119649887,0.1836673617362976,0.23784838616847992,6.755046256594398,38.26599206032437,Northern Zone,0.05418102443218231,Improved
-0.01644868403673172,-0.050088465213775635,0.14630840718746185,0.2398771345615387,6.683433138299001,38.22019016795127,Northern Zone,0.09356872737407684,Improved
0.032353855669498444,-0.002570940414443612,0.14296798408031464,0.18448330461978912,6.609165065457963,38.21749147061727,Central Zone,0.04151532053947449,Stable
0.050657641142606735,-0.03585599362850189,0.12865644693374634,0.13621293008327484,6.7556489788646985,38.255804423430256,Northern Zone,0.007556483149528503,Stable
-0.018740901723504066,-0.055694643408060074,0.18448415398597717,0.24389345943927765,6.565228685700768,38.204967937988926,Southern Zone,0.059409305453300476,Improved
0.005594633985310793,-0.029751744121313095,0.16275842487812042,0.2569115459918976,6.536190332006742,38.19654849439484,Southern Zone,0.09415312111377716,Improved
0.07611767947673798,0.014566488564014435,0.10126767307519913,0.14827242493629456,6.591392583440277,38.21410873460332,Central Zone,0.04700475186109543,Stable
-0.03267167881131172,-0.05053398758172989,0.2214960902929306,0.2752930521965027,6.470819402368011,38.19960026140934,Southern Zone,0.05379696190357208,Improved
0.014585616067051888,0.04456482082605362,0.1531674563884735,-0.12516973912715912,6.460166058921263,38.19705788575234,Southern Zone,-0.27833719551563263,Degraded
0.003691134275868535,-0.03318727761507034,0.14855967462062836,0.18533027172088623,6.597175769032429,38.21260645805167,Central Zone,0.036770597100257874,Stable
-0.07222016155719757,-0.05301639437675476,0.24551251530647278,0.2621445655822754,6.7731829593765305,38.26306389419362,Northern Zone,0.016632050275802612,Stable
-0.012114636600017548,-0.025852790102362633,0.14157921075820923,0.23060329258441925,6.718205419749826,38.22359628025409,Northern Zone,0.08902408182621002,Improved
0.07651270180940628,0.034457363188266754,0.10038602352142334,0.1580745130777359,6.563629852377665,38.199643076919756,Southern Zone,0.05768848955631256,Improved
-0.027450939640402794,-0.0649341568350792,0.18446539342403412,0.2157125324010849,6.646850876935971,38.2398535465105,Central Zone,0.03124713897705078,Stable
0.0357622355222702,-0.0004658360267058015,0.12813332676887512,0.1912669986486435,6.627227071286752,38.20753612279547,Central Zone,0.06313367187976837,Improved
0.0442403145134449,-0.0040730363689363,0.11560788750648499,0.15457268059253693,6.471611779726252,38.1780565944013,Southern Zone,0.03896479308605194,Stable
-0.010039701126515865,-0.05498906597495079,0.15774673223495483,0.23463311791419983,6.49882076469584,38.19175457694796,Southern Zone,0.076886385679245,Improved
0.02036566101014614,-0.03991168364882469,0.15845166146755219,0.17764975130558014,6.525803894155191,38.19348248807726,Southern Zone,0.019198089838027954,Stable
0.03710522502660751,-0.02565532550215721,0.11848928034305573,0.15143056213855743,6.736493680990149,38.23904646249875,Northern Zone,0.03294128179550171,Stable
0.07080677896738052,-0.013943423517048359,0.11615364998579025,0.21290470659732819,6.545485463856201,38.197065310567744,Southern Zone,0.09675105661153793,Improved
0.04975825548171997,-0.031555190682411194,0.1201111450791359,0.19317856431007385,6.630273082554929,38.22085287781763,Central Zone,0.07306741923093796,Improved
0.028247369453310966,-0.013436994515359402,0.14192481338977814,0.23106025159358978,6.637218471885438,38.20820728840959,Central Zone,0.08913543820381165,Improved
0.06997356563806534,-0.012415236793458462,0.12123629450798035,0.21365715563297272,6.5460751443399445,38.207042681787364,Southern Zone,0.09242086112499237,Improved
0.014010189101099968,-0.012040429748594761,0.15452365577220917,0.23431062698364258,6.646091780862898,38.199941504774934,Central Zone,0.07978697121143341,Improved
0.0019233013736084104,-0.03387904167175293,0.16382072865962982,0.17881008982658386,6.5720094854462765,38.21483684357753,Central Zone,0.01498936116695404,Stable
0.03284479305148125,0.010760714299976826,0.12559634447097778,0.18198701739311218,6.631215728013682,38.21430471035929,Central Zone,0.0563906729221344,Improved
0.01606401801109314,-0.038639262318611145,0.1263691633939743,0.20354115962982178,6.693829457372172,38.24101959320979,Northern Zone,0.07717199623584747,Improved
0.051396649330854416,-0.010265489108860493,0.11863376200199127,0.19705818593502045,6.642167329699098,38.19789929247526,Central Zone,0.07842442393302917,Improved
-0.05366448685526848,-0.0706809014081955,0.24037152528762817,0.2608725428581238,6.771541119171942,38.26605729020336,Northern Zone,0.020501017570495605,Stable
-0.03930545225739479,-0.03165062516927719,0.1901911348104477,0.2492285817861557,6.731645645238143,38.22638428186776,Northern Zone,0.05903744697570801,Improved
0.013268950395286083,-0.0032009899150580168,0.13038304448127747,0.16726548969745636,6.75837031759834,38.248362776054066,Northern Zone,0.036882445216178894,Stable
0.014870168641209602,-0.004810740239918232,0.168004110455513,0.1922980099916458,6.667220438213401,38.2048750485214,Central Zone,0.024293899536132812,Stable
-0.007728183642029762,-0.030776459723711014,0.15799620747566223,0.21997368335723877,6.715913556228464,38.23024019722903,Northern Zone,0.06197747588157654,Improved
0.016192615032196045,-0.03579212725162506,0.13566164672374725,0.18189586699008942,6.6000778337441615,38.211645520613644,Central Zone,0.04623422026634216,Stable
0.019532140344381332,-0.031723812222480774,0.1313645988702774,0.19725681841373444,6.668184434872081,38.22044034063353,Central Zone,0.06589221954345703,Improved
-0.015278085134923458,-0.03646790608763695,0.15063972771167755,0.20283891260623932,6.747162756677358,38.237709392761545,Northern Zone,0.05219918489456177,Improved
0.07769858092069626,0.02068280801177025,0.11344419419765472,0.17489111423492432,6.498323851053189,38.18725550396946,Southern Zone,0.06144692003726959,Improved
0.0037736231461167336,-0.016159404069185257,0.1623331904411316,0.205603688955307,6.741266049822059,38.22348741735773,Northern Zone,0.043270498514175415,Stable
0.006134494207799435,-0.04635389894247055,0.16177165508270264,0.19055412709712982,6.6828408043152026,38.24533398050509,Northern Zone,0.028782472014427185,Stable
0.03468041867017746,0.00354227633215487,0.1248946562409401,0.18579187989234924,6.630598002110046,38.21165925530676,Central Zone,0.06089722365140915,Improved
0.05753052607178688,-0.02246943674981594,0.14319826662540436,0.194220632314682,6.517097253229789,38.194617973084284,Southern Zone,0.05102236568927765,Improved
0.01720273308455944,-0.02788674272596836,0.11513650417327881,0.20509324967861176,6.691766358039476,38.202006910206734,Northern Zone,0.08995674550533295,Improved
-0.054324887692928314,-0.09345559030771255,0.25775420665740967,0.32238346338272095,6.4725109174408235,38.19605441635484,Southern Zone,0.06462925672531128,Improved
-0.03127596154808998,-0.06466466933488846,0.19690537452697754,0.2478368729352951,6.65468232156752,38.23336203551794,Central Zone,0.050931498408317566,Improved
0.027510561048984528,-0.02206551842391491,0.1280461549758911,0.18825100362300873,6.736244616134813,38.22488747113382,Northern Zone,0.060204848647117615,Improved
0.08687499910593033,0.02543727681040764,0.11077230423688889,0.14069651067256927,6.633407982656304,38.19375970771927,Central Zone,0.02992420643568039,Stable
-0.06244249269366264,-0.03828312084078789,0.17363137006759644,0.21429948508739471,6.597543275159431,38.21508883441176,Central Zone,0.04066811501979828,Stable
0.06687925010919571,0.0008376268087886274,0.11949685215950012,0.19012822210788727,6.534737419935811,38.210248084828365,Southern Zone,0.07063136994838715,Improved
0.01407203171402216,-0.03459830582141876,0.11629769951105118,0.201918825507164,6.680837777765043,38.22542550773107,Northern Zone,0.08562112599611282,Improved
0.009339725598692894,-0.0067294263280928135,0.16587677597999573,0.18851453065872192,6.695961744032033,38.22053150732908,Northern Zone,0.022637754678726196,Stable
-0.013110687024891376,-0.049053654074668884,0.15614023804664612,0.2946596145629883,6.714823863431375,38.2096424620579,Northern Zone,0.13851937651634216,Improved
0.0704076811671257,0.03611629083752632,0.0976477563381195,0.14597506821155548,6.5615264767453265,38.19618729330899,Southern Zone,0.048327311873435974,Stable
0.02623855508863926,-0.030545765534043312,0.13839121162891388,0.21269254386425018,6.654645023378287,38.198893917627565,Central Zone,0.0743013322353363,Improved
0.021891919896006584,-0.05608580261468887,0.1310282200574875,0.16163524985313416,6.758899557462099,38.25728843883766,Northern Zone,0.030607029795646667,Stable
0.017155393958091736,-0.044471561908721924,0.12655089795589447,0.28364622592926025,6.713088752209011,38.23634523970826,Northern Zone,0.15709532797336578,Improved
0.010546263307332993,-0.04055966064333916,0.11995209753513336,0.2118634730577469,6.670268624423402,38.22954596540872,Central Zone,0.09191137552261353,Improved
0.0007825475768186152,-0.019814984872937202,0.142361119389534,0.2100093513727188,6.699052060471762,38.230904367887355,Northern Zone,0.06764823198318481,Improved
0.03677944093942642,-0.03424597531557083,0.13018794357776642,0.20217877626419067,6.631380254486172,38.2022006573003,Central Zone,0.07199083268642426,Improved
-0.005759233608841896,-0.041974395513534546,0.13408434391021729,0.20392771065235138,6.579207669100061,38.2075922855063,Central Zone,0.0698433667421341,Improved
0.02595272846519947,-0.00027567194774746895,0.13024722039699554,0.1994047611951828,6.6182792408590245,38.20743175303427,Central Zone,0.06915754079818726,Improved
0.05027684569358826,0.005363218020647764,0.13318796455860138,0.17267397046089172,6.755288246579452,38.235585598683215,Northern Zone,0.039486005902290344,Stable
0.01465916633605957,-0.018799638375639915,0.13472087681293488,0.18199506402015686,6.687247269477425,38.228719602093186,Northern Zone,0.047274187207221985,Stable
0.09249500930309296,0.026014920324087143,0.11427384614944458,0.16337363421916962,6.518441971542537,38.20637917387281,Southern Zone,0.04909978806972504,Stable
-0.0047878301702439785,-0.0478268526494503,0.10986636579036713,0.26078173518180847,6.704150868577858,38.221158791184095,Northern Zone,0.15091536939144135,Improved
0.003345263423398137,-0.03186562657356262,0.16179564595222473,0.26061147451400757,6.692036615212796,38.218066975289375,Northern Zone,0.09881582856178284,Improved
0.08675428479909897,0.024345219135284424,0.10797067731618881,0.1789943277835846,6.505838129003551,38.18890795290267,Southern Zone,0.07102365046739578,Improved
0.0019112222362309694,-0.015265136025846004,0.14098376035690308,0.20722059905529022,6.740974481285459,38.22148675772465,Northern Zone,0.06623683869838715,Improved
-0.005930309649556875,-0.06001671403646469,0.15420658886432648,0.2636551260948181,6.6018399886271615,38.22833525936499,Central Zone,0.10944853723049164,Improved
0.08682873100042343,0.01651550829410553,0.0973915383219719,0.18179938197135925,6.501460054402534,38.20101111595879,Southern Zone,0.08440784364938736,Improved
0.03730917349457741,-0.00841156579554081,0.11643176525831223,0.1565263420343399,6.763002107893456,38.25034772952725,Northern Zone,0.04009457677602768,Stable
-0.03263842314481735,-0.03185857832431793,0.17424876987934113,0.21137651801109314,6.7576897109609355,38.23184673945259,Northern Zone,0.037127748131752014,Stable
0.002237484557554126,-0.04237983375787735,0.15511733293533325,0.17253561317920685,6.645343899816006,38.2315688321268,Central Zone,0.017418280243873596,Stable
0.03720318526029587,-0.017898796126246452,0.13716377317905426,0.22178339958190918,6.544419468187351,38.200892722997885,Southern Zone,0.08461962640285492,Improved
0.011523489840328693,-0.036725230515003204,0.13461755216121674,0.22279582917690277,6.693535896661936,38.23720588925186,Northern Zone,0.08817827701568604,Improved
-0.030652422457933426,-0.02818111702799797,0.18528252840042114,0.24992041289806366,6.722214618351194,38.22175876939691,Northern Zone,0.06463788449764252,Improved
0.005177625454962254,-0.03590890392661095,0.15516749024391174,0.2653195261955261,6.5440023554187245,38.19851203545012,Southern Zone,0.11015203595161438,Improved
0.05525364726781845,0.05062294751405716,0.10683218389749527,0.17104437947273254,6.643429494834887,38.191575061089864,Central Zone,0.06421219557523727,Improved
0.0038180453702807426,-0.030570754781365395,0.14034822583198547,0.20791901648044586,6.67636685320575,38.219593368802855,Northern Zone,0.06757079064846039,Improved
0.08236292749643326,0.015482144430279732,0.10422539710998535,0.1766783595085144,6.532679090807752,38.21081468999046,Southern Zone,0.07245296239852905,Improved
0.0594165064394474,0.0022064445074647665,0.12154464423656464,0.1656031459569931,6.610987782240156,38.21742613381101,Central Zone,0.04405850172042847,Stable
0.02128215692937374,-0.017688775435090065,0.11793391406536102,0.21165665984153748,6.479880447810814,38.181819526747134,Southern Zone,0.09372274577617645,Improved
-0.013493839651346207,-0.03424053266644478,0.15194275975227356,0.2252231240272522,6.7293520658796995,38.21237838833761,Northern Zone,0.07328036427497864,Improved
-0.008084907196462154,0.041866883635520935,0.2030119150876999,-0.12294521927833557,6.461196405401257,38.198164240677634,Southern Zone,-0.32595713436603546,Degraded
0.01388540118932724,-0.0281099621206522,0.146505206823349,0.2038293331861496,6.659546317927167,38.21321710730588,Central Zone,0.0573241263628006,Improved
-0.014728479087352753,-0.055329982191324234,0.15933264791965485,0.2488631010055542,6.731292209519368,38.24741733953866,Northern Zone,0.08953045308589935,Improved
0.02628086693584919,-0.04046839848160744,0.1515078991651535,0.21692664921283722,6.561840585787473,38.211615315879236,Southern Zone,0.06541875004768372,Improved
-0.017145302146673203,-0.035625115036964417,0.1786142736673355,0.20261336863040924,6.645502806352966,38.204979119566005,Central Zone,0.02399909496307373,Stable
0.07791850715875626,0.025382915511727333,0.1168186217546463,0.15932287275791168,6.532656198750635,38.194219292429246,Southern Zone,0.04250425100326538,Stable
0.0025775786489248276,-0.015033642761409283,0.15535330772399902,0.17941421270370483,6.744750616970235,38.25402717424511,Northern Zone,0.02406090497970581,Stable
-0.004220907110720873,-0.03952197730541229,0.14499196410179138,0.21072225272655487,6.662552290764679,38.220305903064684,Central Zone,0.06573028862476349,Improved
0.017279762774705887,-0.0232418030500412,0.13794606924057007,0.2376098930835724,6.68463355159972,38.20779552253879,Northern Zone,0.09966382384300232,Improved
0.0007429837132804096,-0.04865690693259239,0.19752739369869232,0.25018927454948425,6.632874507928393,38.23148598193313,Central Zone,0.05266188085079193,Improved
0.047686342149972916,-0.00943838618695736,0.12477624416351318,0.15870991349220276,6.675000607510496,38.199611431280246,Northern Zone,0.033933669328689575,Stable
0.07087721675634384,0.013369502499699593,0.12015357613563538,0.17011477053165436,6.469054718858188,38.188888843259036,Southern Zone,0.04996119439601898,Stable
0.0672108456492424,0.037656519562006,0.12164673209190369,0.16600646078586578,6.480678206178193,38.19937049548955,Southern Zone,0.0443597286939621,Stable
-0.00645050872117281,-0.02601178176701069,0.16504482924938202,0.22766588628292084,6.736392214117513,38.22138707832513,Northern Zone,0.06262105703353882,Improved
-0.044071827083826065,-0.06776001304388046,0.20678934454917908,0.2539682686328888,6.663220016423191,38.209368074852975,Central Zone,0.04717892408370972,Stable
0.02292250469326973,-0.036554306745529175,0.1489153504371643,0.14200149476528168,6.567053432343382,38.211996982999175,Central Zone,-0.006913855671882629,Stable
0.0634842962026596,0.014188457280397415,0.10152355581521988,0.16475558280944824,6.712937388380432,38.220720911959084,Northern Zone,0.06323202699422836,Improved
-0.02454245463013649,-0.0762084349989891,0.18140123784542084,0.3001282811164856,6.540446610757393,38.20304807502797,Southern Zone,0.11872704327106476,Improved
-0.04097956418991089,-0.04695981740951538,0.1872164011001587,0.24393124878406525,6.735497098462809,38.260334368620676,Northern Zone,0.056714847683906555,Improved
-0.007454822305589914,-0.04524289816617966,0.15061013400554657,0.24162420630455017,6.756843625670662,38.2630958326714,Northern Zone,0.0910140722990036,Improved
-0.06381361931562424,-0.04137815907597542,0.19250619411468506,0.23301512002944946,6.733774970579204,38.25123065412125,Northern Zone,0.040508925914764404,Stable
0.015243832021951675,-0.013009599409997463,0.12436812371015549,0.19194981455802917,6.6920159676047035,38.22799715391451,Northern Zone,0.06758169084787369,Improved
0.09277194738388062,0.0535702183842659,0.1001274585723877,0.15005147457122803,6.5180680719621025,38.203429018781534,Southern Zone,0.04992401599884033,Stable
0.0772315263748169,-0.016355233266949654,0.09949886053800583,0.16167423129081726,6.676502703617288,38.202823158380944,Northern Zone,0.06217537075281143,Improved
0.009385846555233002,-0.026615040376782417,0.1424049288034439,0.20394563674926758,6.614142558930226,38.20286219763688,Central Zone,0.06154070794582367,Improved
0.022297095507383347,-0.006996534299105406,0.15236341953277588,0.21228574216365814,6.519153122513199,38.199089204888544,Southern Zone,0.05992232263088226,Improved
0.004445415921509266,-0.033706773072481155,0.17695380747318268,0.21003670990467072,6.678246275006671,38.210778614437636,Northern Zone,0.03308290243148804,Stable
0.09144984185695648,0.0378626249730587,0.10238233953714371,0.15113456547260284,6.53459435129896,38.21063667715813,Southern Zone,0.04875222593545914,Stable
0.03231063112616539,-0.002799944020807743,0.11452987045049667,0.16223953664302826,6.734773875910608,38.254754454608126,Northern Zone,0.047709666192531586,Stable
-0.0036485528107732534,-0.030980128794908524,0.1307598501443863,0.20802026987075806,6.739861449812871,38.228981765889095,Northern Zone,0.07726041972637177,Improved
-0.04211776703596115,-0.04738100990653038,0.2051866203546524,0.2753872573375702,6.716586420934428,38.23503807636075,Northern Zone,0.07020063698291779,Improved
-0.007374337874352932,-0.03497087210416794,0.1678767055273056,0.23359443247318268,6.698313163790701,38.20939087739059,Northern Zone,0.06571772694587708,Improved
0.05554411560297012,0.004477172624319792,0.1080271452665329,0.16774103045463562,6.662282981616815,38.21713396634622,Central Zone,0.05971388518810272,Improved
0.021547576412558556,-0.02717943862080574,0.1445763260126114,0.20817409455776215,6.698273410576483,38.22188741303402,Northern Zone,0.06359776854515076,Improved
0.027812127023935318,-0.03499094769358635,0.13945630192756653,0.21355631947517395,6.614053581431742,38.22840340642964,Central Zone,0.07410001754760742,Improved
0.0015638616168871522,-0.04757612571120262,0.1485537439584732,0.2370367795228958,6.659025493157217,38.23602593965183,Central Zone,0.08848303556442261,Improved
0.0,-0.04242034628987312,0.15268102288246155,0.22216227650642395,6.657406180691758,38.23241648209988,Central Zone,0.0694812536239624,Improved
-0.01674509420990944,-0.040789760649204254,0.19902324676513672,0.24592898786067963,6.625874633999176,38.22460052779564,Central Zone,0.04690574109554291,Stable
-0.04939828813076019,-0.05786079168319702,0.24498562514781952,0.27952638268470764,6.76940585364901,38.24165616678867,Northern Zone,0.03454075753688812,Stable
0.010630367323756218,-0.011145670898258686,0.12360670417547226,0.1718291938304901,6.647801910849068,38.2194597495093,Central Zone,0.04822248965501785,Stable
0.04007171094417572,0.01410922221839428,0.13378576934337616,0.16902011632919312,6.638608851052054,38.20106780910901,Central Zone,0.035234346985816956,Stable
0.0071632955223321915,-0.03984547778964043,0.16440138220787048,0.20503409206867218,6.670049900621866,38.20705590933338,Central Zone,0.0406327098608017,Stable
0.009512914344668388,-0.015097415074706078,0.14221054315567017,0.20745700597763062,6.633456622584341,38.2140181293384,Central Zone,0.06524646282196045,Improved
-0.027872685343027115,-0.06788907200098038,0.19672276079654694,0.25534191727638245,6.521695429018752,38.20127825639587,Southern Zone,0.05861915647983551,Improved
0.023131009191274643,-0.01971171610057354,0.11818290501832962,0.2362445592880249,6.558109796539408,38.201369132290914,Southern Zone,0.11806165426969528,Improved
-0.01779128797352314,-0.049667537212371826,0.12583088874816895,0.24110311269760132,6.743228036390203,38.24786854658493,Northern Zone,0.11527222394943237,Improved
0.03168509900569916,-0.02403966337442398,0.14349670708179474,0.14216654002666473,6.569183205114824,38.21357789331062,Central Zone,-0.0013301670551300049,Stable
-0.0026838432531803846,-0.028949446976184845,0.15176059305667877,0.20383530855178833,6.666944425896984,38.20632430705971,Central Zone,0.05207471549510956,Improved
0.10982070863246918,0.07855083048343658,0.08765217661857605,0.10814673453569412,6.535112028793713,38.21216254744982,Southern Zone,0.020494557917118073,Stable
0.0790613666176796,0.008966018445789814,0.11462521553039551,0.1630842685699463,6.531154219786364,38.194755119748315,Southern Zone,0.04845905303955078,Stable
-0.01346397865563631,-0.04253261163830757,0.1560884267091751,0.21387457847595215,6.6139359539445675,38.223625232628876,Central Zone,0.05778615176677704,Improved
-0.0093388007953763,-0.030399207025766373,0.16837209463119507,0.24251213669776917,6.7038763369180945,38.21544541318852,Northern Zone,0.0741400420665741,Improved
0.03993513807654381,-0.02014608308672905,0.11907603591680527,0.1814279705286026,6.722577346424281,38.24234052207079,Northern Zone,0.06235193461179733,Improved
0.05186230689287186,0.013259087689220905,0.12710930407047272,0.18656620383262634,6.686859378372272,38.23290459415747,Northern Zone,0.059456899762153625,Improved
0.030738465487957,0.008455147966742516,0.1278788447380066,0.18275924026966095,6.624565492618748,38.212586241565454,Central Zone,0.05488039553165436,Improved
0.05535314977169037,0.01056338008493185,0.11014952510595322,0.18036866188049316,6.650393991852844,38.21872475156001,Central Zone,0.07021913677453995,Improved
-0.014280788600444794,-0.04565781354904175,0.1779346466064453,0.2683214545249939,6.466765454314586,38.192197040895216,Southern Zone,0.09038680791854858,Improved
0.08578288555145264,0.01213356014341116,0.1084623783826828,0.14572465419769287,6.529950222135371,38.19492245667924,Southern Zone,0.03726227581501007,Stable
0.09083283692598343,0.0543493777513504,0.1044689491391182,0.15681101381778717,6.637594100323349,38.193270299837465,Central Zone,0.052342064678668976,Improved
-0.02619021013379097,-0.055104807019233704,0.1620553433895111,0.2485426813364029,6.4856139634051475,38.19621353296318,Southern Zone,0.08648733794689178,Improved
-0.054731741547584534,-0.11233799159526825,0.2412840873003006,0.36186158657073975,6.470222471767893,38.1969090145007,Southern Zone,0.12057749927043915,Improved
-0.03306151181459427,-0.03569306805729866,0.17306901514530182,0.20062924921512604,6.751000610559158,38.221245938291695,Northern Zone,0.02756023406982422,Stable
0.006829665973782539,-0.034625094383955,0.1458047777414322,0.25370097160339355,6.696382282682084,38.24225600067533,Northern Zone,0.10789619386196136,Improved
-0.01195645984262228,-0.05801677331328392,0.18332907557487488,0.2514599859714508,6.747072059439575,38.265795954592505,Northern Zone,0.06813091039657593,Improved
-0.05411185324192047,-0.051600467413663864,0.2086341381072998,0.2202303558588028,6.774742681390315,38.26739260156492,Northern Zone,0.01159621775150299,Stable
0.023786988109350204,-0.02139739692211151,0.1396978348493576,0.19734503328800201,6.633042995081639,38.201427734711366,Central Zone,0.05764719843864441,Improved
0.058265380561351776,-0.010085590183734894,0.12662680447101593,0.1901269257068634,6.540002023161977,38.196468477796074,Southern Zone,0.06350012123584747,Improved
0.02528124302625656,-0.030910566449165344,0.1287776231765747,0.22367547452449799,6.617912519870466,38.2029878081446,Central Zone,0.09489785134792328,Improved
0.0327569805085659,-0.025165876373648643,0.1268182098865509,0.21067218482494354,6.71790702334064,38.23205955741869,Northern Zone,0.08385397493839264,Improved
0.006380313541740179,-0.03412695601582527,0.12819096446037292,0.18288744986057281,6.722487413499812,38.24781681566769,Northern Zone,0.05469648540019989,Improved
0.006646699272096157,-0.04401484504342079,0.13880334794521332,0.23305387794971466,6.679678324343563,38.20921932388782,Northern Zone,0.09425053000450134,Improved
0.022886838763952255,-0.023154014721512794,0.13825391232967377,0.13972745835781097,6.630493186808961,38.22267131254332,Central Zone,0.001473546028137207,Stable
0.05891594663262367,0.009196404367685318,0.09946808218955994,0.1565934121608734,6.724759949732658,38.211290929350035,Northern Zone,0.05712532997131348,Improved
